sequence,method,seed,num_outages,poserr_rms,first3_nis_seed_mean
UZH_Indoor45_9_davis,Baseline,0,1,5.888752127056393,0.087418865492238
UZH_Indoor45_9_davis,Baseline,1,1,0.9132838165538638,0.035500023408514075
UZH_Indoor45_9_davis,Baseline,2,1,5.888752127056393,0.087418865492238
UZH_Indoor45_9_davis,Baseline,3,1,4.446653085282653,0.0886156728330329
UZH_Indoor45_9_davis,Baseline,4,1,0.545477591689196,0.023049748525435437
UZH_Indoor45_9_davis,Baseline,5,1,1.008448275205737,0.022105240458417615
UZH_Indoor45_9_davis,Baseline,6,1,3.783320469156044,0.07469148175577354
UZH_Indoor45_9_davis,Baseline,7,1,0.9549206913574165,0.024766798600820338
UZH_Indoor45_9_davis,Baseline,8,1,1.189265260140951,0.04730874680415554
UZH_Indoor45_9_davis,Baseline,9,1,5.888752127056393,0.087418865492238
UZH_Indoor45_9_davis,Ours,0,1,2.7638455172793392,0.04385202718142038
UZH_Indoor45_9_davis,Ours,1,1,3.0137292968061806,0.3229017256648636
UZH_Indoor45_9_davis,Ours,2,1,2.7638455172793392,0.04385202718142038
UZH_Indoor45_9_davis,Ours,3,1,2.1894150107188413,0.03319510099205607
UZH_Indoor45_9_davis,Ours,4,1,2.0698888264490662,0.12383512227778683
UZH_Indoor45_9_davis,Ours,5,1,1.5112282315210084,0.11809535817556799
UZH_Indoor45_9_davis,Ours,6,1,1.4232115866215835,0.04294597188293056
UZH_Indoor45_9_davis,Ours,7,1,3.5060195901298687,0.2549281636343647
UZH_Indoor45_9_davis,Ours,8,1,4.06163654621439,0.6285205611741977
UZH_Indoor45_9_davis,Ours,9,1,2.7638455172793392,0.04385202718142038
UZH_Indoorforward_9_davis,Baseline,0,1,8.300183916105075,0.24252533632376586
UZH_Indoorforward_9_davis,Baseline,1,1,13.215396796266164,1.3170612188073036
UZH_Indoorforward_9_davis,Baseline,2,1,7.2996873035904315,0.2521611496332779
UZH_Indoorforward_9_davis,Baseline,3,1,6.283072482562384,0.2538166335606012
UZH_Indoorforward_9_davis,Baseline,4,1,12.742066646159762,0.6132676138964189
UZH_Indoorforward_9_davis,Baseline,5,1,7.683599581352418,0.42952466919549254
UZH_Indoorforward_9_davis,Baseline,6,1,8.739351872780535,0.3415126883280262
UZH_Indoorforward_9_davis,Baseline,7,1,10.28081084652952,0.5740207650979752
UZH_Indoorforward_9_davis,Baseline,8,1,12.962778120687405,2.4933459028554603
UZH_Indoorforward_9_davis,Baseline,9,1,10.6335751545186,0.23427493289023876
UZH_Indoorforward_9_davis,Ours,0,1,6.502767044538341,0.09336159539548085
UZH_Indoorforward_9_davis,Ours,1,1,1.0899203087927536,0.04591284504821507
UZH_Indoorforward_9_davis,Ours,2,1,5.659141268736441,0.11172498629841975
UZH_Indoorforward_9_davis,Ours,3,1,4.9504385992014575,0.09719538250897967
UZH_Indoorforward_9_davis,Ours,4,1,7.239669440968097,0.10892121933336756
UZH_Indoorforward_9_davis,Ours,5,1,2.7709322886061907,0.04096329416104535
UZH_Indoorforward_9_davis,Ours,6,1,5.714087107860796,0.12449409254106628
UZH_Indoorforward_9_davis,Ours,7,1,1.3053907223995929,0.0317269331992725
UZH_Indoorforward_9_davis,Ours,8,1,0.9524642772787351,0.06562131189636053
UZH_Indoorforward_9_davis,Ours,9,1,8.296791333244396,0.08819160280689442
UZH_Outdoor45_1_davis,Baseline,0,1,1.268761760725249,0.0760276805428196
UZH_Outdoor45_1_davis,Baseline,1,1,3.703955794600192,0.3354962234034913
UZH_Outdoor45_1_davis,Baseline,2,1,1.268761760725249,0.0760276805428196
UZH_Outdoor45_1_davis,Baseline,3,1,1.963911077658347,0.04609094728036778
UZH_Outdoor45_1_davis,Baseline,4,1,3.731415024570328,0.13241639890208004
UZH_Outdoor45_1_davis,Baseline,5,1,2.5880065651395223,0.19060648097809446
UZH_Outdoor45_1_davis,Baseline,6,1,1.7531746677340208,0.0603926866533664
UZH_Outdoor45_1_davis,Baseline,7,1,2.741107389923002,0.21523841099993335
UZH_Outdoor45_1_davis,Baseline,8,1,2.3964615763449957,0.28078800526976344
UZH_Outdoor45_1_davis,Baseline,9,1,1.7531746677340208,0.0603926866533664
UZH_Outdoor45_1_davis,Ours,0,1,2.376509152853235,0.25298717972118223
UZH_Outdoor45_1_davis,Ours,1,1,5.944908101348677,1.0151269902043567
UZH_Outdoor45_1_davis,Ours,2,1,2.376509152853235,0.25298717972118223
UZH_Outdoor45_1_davis,Ours,3,1,2.8701328100036387,0.14047397440030768
UZH_Outdoor45_1_davis,Ours,4,1,6.696988577251586,0.37810605641012757
UZH_Outdoor45_1_davis,Ours,5,1,5.05807417306747,0.5000082820182755
UZH_Outdoor45_1_davis,Ours,6,1,3.3388723671629803,0.21318765775759144
UZH_Outdoor45_1_davis,Ours,7,1,4.428027021766297,0.5171191873375097
UZH_Outdoor45_1_davis,Ours,8,1,3.738463245382788,0.6923286281775785
UZH_Outdoor45_1_davis,Ours,9,1,3.3388723671629803,0.21318765775759144
UZH_Outdoorforward_3_davis,Baseline,0,3,7.6967737573736255,0.3217981633310513
UZH_Outdoorforward_3_davis,Baseline,1,3,4.836302189638448,0.25866916028846093
UZH_Outdoorforward_3_davis,Baseline,2,3,6.355996299421567,0.5121690534923804
UZH_Outdoorforward_3_davis,Baseline,3,3,10.498879903300043,1.0519213150223774
UZH_Outdoorforward_3_davis,Baseline,4,3,2.669237512836091,0.281050200062157
UZH_Outdoorforward_3_davis,Baseline,5,3,5.902133680304102,0.40525126355724467
UZH_Outdoorforward_3_davis,Baseline,6,3,9.306116009582011,0.6527323851451716
UZH_Outdoorforward_3_davis,Baseline,7,3,8.751208997133693,0.7045201382279305
UZH_Outdoorforward_3_davis,Baseline,8,3,4.121208214061996,0.4160630631556886
UZH_Outdoorforward_3_davis,Baseline,9,3,5.62348895813907,0.388864766896698
UZH_Outdoorforward_3_davis,Ours,0,3,2.0228287912983616,0.02621328442910079
UZH_Outdoorforward_3_davis,Ours,1,3,2.9091625887017862,0.07230421228534874
UZH_Outdoorforward_3_davis,Ours,2,3,2.279182714992918,0.06195031956332815
UZH_Outdoorforward_3_davis,Ours,3,3,3.112132186569848,0.11296216802077819
UZH_Outdoorforward_3_davis,Ours,4,3,1.094273214044881,0.03970537723627976
UZH_Outdoorforward_3_davis,Ours,5,3,1.420731212168733,0.03389088800628191
UZH_Outdoorforward_3_davis,Ours,6,3,4.105910657235419,0.08678479526978339
UZH_Outdoorforward_3_davis,Ours,7,3,2.9920407720980475,0.07490492257402158
UZH_Outdoorforward_3_davis,Ours,8,3,2.3608060849603167,0.09035288573263249
UZH_Outdoorforward_3_davis,Ours,9,3,1.3657532846153788,0.032402566114393724
